{
  "version": 1,
  "author": "Octávio Hernandez",
  "editor": "wokwi",
  "parts": [
    { "type": "wokwi-breadboard", "id": "bb1", "top": -127.8, "left": -64.4, "attrs": {} },
    { "type": "wokwi-esp32-devkit-v1", "id": "esp", "top": -129.7, "left": -225.8, "attrs": {} },
    {
      "type": "wokwi-hc-sr04",
      "id": "ultrasonic",
      "top": -171.3,
      "left": 53.5,
      "attrs": { "distance": "272" }
    },
    {
      "type": "wokwi-dht22",
      "id": "dht1",
      "top": -191.7,
      "left": -24.6,
      "attrs": { "temperature": "25.2", "humidity": "47.5" }
    },
    {
      "type": "wokwi-led",
      "id": "led1",
      "top": -118.8,
      "left": 253.4,
      "attrs": { "color": "green" }
    },
    {
      "type": "wokwi-led",
      "id": "led2",
      "top": -118.8,
      "left": 291.8,
      "attrs": { "color": "yellow" }
    },
    {
      "type": "wokwi-led",
      "id": "led3",
      "top": -118.8,
      "left": 330.2,
      "attrs": { "color": "red" }
    },
    {
      "type": "wokwi-resistor",
      "id": "r1",
      "top": 24,
      "left": -29.35,
      "rotate": 90,
      "attrs": { "value": "10000" }
    },
    {
      "type": "wokwi-resistor",
      "id": "r2",
      "top": -33.6,
      "left": 325.85,
      "rotate": 90,
      "attrs": { "value": "220" }
    },
    {
      "type": "wokwi-resistor",
      "id": "r3",
      "top": -33.6,
      "left": 287.45,
      "rotate": 90,
      "attrs": { "value": "220" }
    },
    {
      "type": "wokwi-resistor",
      "id": "r4",
      "top": -33.6,
      "left": 249.05,
      "rotate": 90,
      "attrs": { "value": "220" }
    }
  ],
  "connections": [
    [ "esp:TX0", "$serialMonitor:RX", "", [] ],
    [ "esp:RX0", "$serialMonitor:TX", "", [] ],
    [ "bb1:bn.5", "bb1:7t.c", "orange", [ "v0" ] ],
    [ "bb1:5b.f", "bb1:5t.d", "purple", [ "v0" ] ],
    [ "bb1:bp.2", "bb1:4t.c", "violet", [ "v0" ] ],
    [ "esp:D4", "bb1:5t.c", "cyan", [ "h57.3", "v-57.5" ] ],
    [ "esp:3V3", "bb1:bp.1", "magenta", [ "v0" ] ],
    [ "esp:GND.2", "bb1:bn.1", "black", [ "h-9.6", "v57.5" ] ],
    [ "esp:VIN", "bb1:18t.c", "blue", [ "h-19.2", "v86.4", "h364.8" ] ],
    [ "esp:D2", "bb1:19t.c", "cyan", [ "h38.1", "v124.1", "h220.8" ] ],
    [ "esp:D15", "bb1:20t.c", "violet", [ "h47.7", "v124.6", "h220.8" ] ],
    [ "bb1:bn.16", "bb1:21t.c", "green", [ "v0" ] ],
    [ "esp:D13", "bb1:34b.h", "green", [ "h-28.8", "v134.2", "h528" ] ],
    [ "esp:D12", "bb1:38b.h", "yellow", [ "h-38.4", "v152.9", "h576" ] ],
    [ "esp:D14", "bb1:42b.h", "red", [ "h-48", "v172.9", "h624" ] ],
    [ "bb1:bn.33", "bb1:41t.c", "black", [ "v0" ] ],
    [ "bb1:bn.26", "bb1:33t.c", "black", [ "v0" ] ],
    [ "bb1:bn.30", "bb1:37t.c", "black", [ "v0" ] ],
    [ "ultrasonic:VCC", "bb1:18t.a", "", [ "$bb" ] ],
    [ "ultrasonic:TRIG", "bb1:19t.a", "", [ "$bb" ] ],
    [ "ultrasonic:ECHO", "bb1:20t.a", "", [ "$bb" ] ],
    [ "ultrasonic:GND", "bb1:21t.a", "", [ "$bb" ] ],
    [ "led2:A", "bb1:38t.a", "", [ "$bb" ] ],
    [ "led2:C", "bb1:37t.a", "", [ "$bb" ] ],
    [ "led3:A", "bb1:42t.a", "", [ "$bb" ] ],
    [ "led3:C", "bb1:41t.a", "", [ "$bb" ] ],
    [ "dht1:VCC", "bb1:4t.a", "", [ "$bb" ] ],
    [ "dht1:SDA", "bb1:5t.a", "", [ "$bb" ] ],
    [ "dht1:NC", "bb1:6t.a", "", [ "$bb" ] ],
    [ "dht1:GND", "bb1:7t.a", "", [ "$bb" ] ],
    [ "r1:1", "bb1:5b.g", "", [ "$bb" ] ],
    [ "r1:2", "bb1:bp.3", "", [ "$bb" ] ],
    [ "r4:1", "bb1:34t.c", "", [ "$bb" ] ],
    [ "r4:2", "bb1:34b.g", "", [ "$bb" ] ],
    [ "r3:1", "bb1:38t.c", "", [ "$bb" ] ],
    [ "r3:2", "bb1:38b.g", "", [ "$bb" ] ],
    [ "r2:1", "bb1:42t.c", "", [ "$bb" ] ],
    [ "r2:2", "bb1:42b.g", "", [ "$bb" ] ],
    [ "led1:A", "bb1:34t.a", "", [ "$bb" ] ],
    [ "led1:C", "bb1:33t.a", "", [ "$bb" ] ]
  ],
  "dependencies": {}
}